-- This script populates the database

#
DB Tables Needed
# CUSTOMERS (USER_ID, CUSTOMER_ID, EMAIL, LAST_NAME, FIRST_NAME) : A customer can have multiple ACCOUNT_IDs tied to them, but only one CUSTOMER_ID
# ACCOUNTS (ACCOUNT_ID, ACCOUNT_TYPE, BALANCE) : A customer can have multiple accounts, but the ACCOUNT_IDs must be different
# AC_JUNCTION (JUNCTION_ID, ACCOUNT_ID, CUSTOMER_ID) : A junction table that ties CUSTOMERS and ACCOUNTS together
# USERINFO (USER_ID, PASSWORD, USER_ID) : A table containing the user login info based on CUSTOMER_ID

USE Project0;

-- INSERT INTO AC_JUNCTION (ACCOUNT_ID, CUSTOMER_ID)
INSERT INTO AC_JUNCTION(ACCOUNT_ID, CUSTOMER_ID)
VALUES (100, 10);
INSERT INTO AC_JUNCTION(ACCOUNT_ID, CUSTOMER_ID)
VALUES (101, 10);

INSERT INTO AC_JUNCTION(ACCOUNT_ID, CUSTOMER_ID)
VALUES (102, 11);
INSERT INTO AC_JUNCTION(ACCOUNT_ID, CUSTOMER_ID)
VALUES (103, 12);
INSERT INTO AC_JUNCTION(ACCOUNT_ID, CUSTOMER_ID)
VALUES (104, 13);
INSERT INTO AC_JUNCTION(ACCOUNT_ID, CUSTOMER_ID)
VALUES (105, 14);
INSERT INTO AC_JUNCTION(ACCOUNT_ID, CUSTOMER_ID)
VALUES (106, 15);

-- INSERT INTO USERINFO (USERNAME, PASSWORD)
INSERT INTO USERINFO(USERNAME, PASSWORD)
VALUES ('KB123', 'pickles');
INSERT INTO USERINFO(USERNAME, PASSWORD)
VALUES ('OP123', 'ham');
INSERT INTO USERINFO(USERNAME, PASSWORD)
VALUES ('MM123', 'shoes');
INSERT INTO USERINFO(USERNAME, PASSWORD)
VALUES ('UR123', 'mooon');
INSERT INTO USERINFO(USERNAME, PASSWORD)
VALUES ('ER123', 'astroman');
INSERT INTO USERINFO(USERNAME, PASSWORD)
VALUES ('Ruvil1', 'pepperjack');

-- INSERT INTO CUSTOMERS (CUSTOMER_ID, EMAIL, LAST_NAME, FIRST_NAME)
INSERT INTO CUSTOMERS(CUSTOMER_ID, EMAIL, LAST_NAME, FIRST_NAME)
VALUES (10, 'km@happy.net', 'Martin', 'Kollier');
INSERT INTO CUSTOMERS(CUSTOMER_ID, EMAIL, LAST_NAME, FIRST_NAME)
VALUES (11, 'op@happy.net', 'Poppa', 'Oliver');
INSERT INTO CUSTOMERS(CUSTOMER_ID, EMAIL, LAST_NAME, FIRST_NAME)
VALUES (12, 'mm@happy.net', 'Martin', 'Michael');
INSERT INTO CUSTOMERS(CUSTOMER_ID, EMAIL, LAST_NAME, FIRST_NAME)
VALUES (13, 'ru@happy.net', 'Ulver', 'Ramone');
INSERT INTO CUSTOMERS(CUSTOMER_ID, EMAIL, LAST_NAME, FIRST_NAME)
VALUES (14, 'er@happy.net', 'Ruvil', 'Edgar');
INSERT INTO CUSTOMERS(CUSTOMER_ID, EMAIL, LAST_NAME, FIRST_NAME)
VALUES (15, 'er@happy.net', 'Ruvil', 'Edgar');

-- INSERT INTO ACCOUNTS (ACCOUNT_TYPE, BALANCE)
INSERT INTO ACCOUNTS (ACCOUNT_ID, ACCOUNT_TYPE, BALANCE)
VALUES (100, 'Checking', 34000.13);
INSERT INTO ACCOUNTS (ACCOUNT_ID, ACCOUNT_TYPE, BALANCE)
VALUES (101, 'Savings', 100000.00);

INSERT INTO ACCOUNTS (ACCOUNT_ID, ACCOUNT_TYPE, BALANCE)
VALUES (102, 'Checking', 650.45);
INSERT INTO ACCOUNTS (ACCOUNT_ID, ACCOUNT_TYPE, BALANCE)
VALUES (103, 'Checking', 700.21);
INSERT INTO ACCOUNTS (ACCOUNT_ID, ACCOUNT_TYPE, BALANCE)
VALUES (104, 'Checking', 12000.78);
INSERT INTO ACCOUNTS (ACCOUNT_ID, ACCOUNT_TYPE, BALANCE)
VALUES (105, 'Checking', 340.95);
INSERT INTO ACCOUNTS (ACCOUNT_ID, ACCOUNT_TYPE, BALANCE)
VALUES (106, 'Checking', 412.15);

INSERT INTO TRANSACTIONS (OTHER_ACC, ACCOUNT_ID, TRANSACTION_DATE, STARTING_BALANCE, NEW_BALANCE, DESCRIPTION)
VALUES (12, 100, CURDATE(), 15000, 10000, "test");